{
  "checkpoint": "runs/world_model/world_model.pt",
  "uncertainty_quantiles": {
    "q50": 6.890313386520575e-08,
    "q90": 2.8744400424329797e-06,
    "q95": 6.627080892940285e-06,
    "q99": 1.821141631808132e-05
  },
  "train_transitions": 47900,
  "validation_transitions": 12100
}