source,transitions,one_step_mse,one_step_mse_std,mean_uncertainty
policy,60000,1.9561341559892753e-06,4.148743755649775e-05,1.1665540569083532e-06
random,30000,0.0029675548430532217,0.029467452317476273,0.0002185520133934915
ood,30000,0.005168902687728405,0.042190227657556534,0.0003851822402793914
